Name,Url,Duration,Review_no,Price,Address,PlaceId,Phone_no.,Operating_hours,Rating,Image_url,Area,Category,Latlng
National Museum of Singapore,https://www.tripadvisor.com.sg/Attraction_Review-g294265-d324550-Reviews-National_Museum_of_Singapore-Singapore.html,210,2824,20.91,"93 Stamford Road National Museum of Singapore, Singapore 178897",ChIJD1u-EaMZ2jERaLhNfFkR45I,,"{""Sunday"":[""1000-1900""],""Monday"":[""1000-1900""],""Tuesday"":[""1000-1900""],""Wednesday"":[""1000-1900""],""Thursday"":[""1000-1900""],""Friday"":[""1000-1900""],""Saturday"":[""1000-1900""]}",4.5,https://dynamic-media-cdn.tripadvisor.com/media/photo-o/12/45/9d/0f/national-museum-of-singapore.jpg?w=1200&h=-1&s=1,City Hall,Museums,"1.29678050415467,103.848412787752"
National Gallery Singapore,https://www.tripadvisor.com.sg/Attraction_Review-g294265-d8077179-Reviews-National_Gallery_Singapore-Singapore.html,180,1284,10,"1 St Andrew's Rd, #01 â€“ 01, Singapore 178957",ChIJbUjtT6cZ2jERdIQVRQyc95w,,"{""Sunday"":[""1000-1900""],""Monday"":[""1000-1900""],""Tuesday"":[""1000-1900""],""Wednesday"":[""1000-1900""],""Thursday"":[""1000-1900""],""Friday"":[""1000-1900""],""Saturday"":[""1000-1900""]}",4.5,https://dynamic-media-cdn.tripadvisor.com/media/photo-o/12/0e/02/f2/the-national-gallery.jpg?w=1200&h=-1&s=1,City Hall,Museums,"1.29065533840368,103.851708013559"
Lee Kong Chian Natural History Museum,https://www.tripadvisor.com.sg/Attraction_Review-g294265-d8015325-Reviews-Lee_Kong_Chian_Natural_History_Museum-Singapore.html,120,144,20,"2 Conservatory Dr, Singapore 117377",EhpDb25zZXJ2YXRvcnkgRHIsIFNpbmdhcG9yZSIuKiwKFAoSCYFBHU_2GtoxEVD7WCfIfShgEhQKEgnJjiu0ZxfaMREgpNqurPcABA,,"{""Sunday"":[""1000-1800""],""Monday"":[""1000-1800""],""Tuesday"":[""1000-1800""],""Wednesday"":[""1000-1800""],""Thursday"":[""1000-1800""],""Friday"":[""1000-1800""],""Saturday"":[""1000-1800""]}",4.5,https://dynamic-media-cdn.tripadvisor.com/media/photo-o/0d/ea/00/16/caption.jpg?w=1200&h=-1&s=1,Clementi,Museums,"1.30149100420132,103.77360524199"
Museum of Ice Cream Singapore,https://www.tripadvisor.com.sg/Attraction_Review-g294265-d23543400-Reviews-Museum_Of_Ice_Cream_Singapore-Singapore.html,180,30,48,"100 Loewen Rd, Singapore 248837",ChIJ-aqHhSQa2jERFZxiap0DpaE,,"{""Sunday"":[""1000-2200""],""Monday"":[""1000-2200""],""Tuesday"":[""1000-2200""],""Wednesday"":[""1000-2200""],""Thursday"":[""1000-2200""],""Friday"":[""1000-2200""],""Saturday"":[""1000-2200""]}",4.5,https://www.visitsingapore.com/content/dam/desktop/global/see-do-singapore/arts/museum-of-ice-cream-singapore/sprinkle-pool-940x940.jpg,Tanglin,Museums,"1.30312692825088,103.81174021012"
Battlebox,https://www.tripadvisor.com.sg/Attraction_Review-g294265-d9859121-Reviews-Battlebox-Singapore.html,180,2541,20,"2 Cox Terrace, Singapore 179622",ChIJS5LNaaIZ2jERzpEcal_DaEA,,"{""Sunday"":[""0930-1730""],""Monday"":[],""Tuesday"":[],""Wednesday"":[],""Thursday"":[],""Friday"":[""0930-1730""],""Saturday"":[""0930-1730""]}",5,https://dynamic-media-cdn.tripadvisor.com/media/photo-o/13/f7/96/03/battlebox-at-fort-canning.jpg?w=1200&h=-1&s=1,Fort Canning,Museums,"1.29544345581775,103.846103299786"
Singapore Flyer,https://www.tripadvisor.com.sg/Attraction_Review-g294265-d678639-Reviews-Singapore_Flyer-Singapore.html,180,17339,33,"30 Raffles Ave, Singapore 039803",ChIJTz4FWiAZ2jERwCfe5NapNqQ,,"{""Sunday"":[""1500-2200""],""Monday"":[],""Tuesday"":[],""Wednesday"":[],""Thursday"":[""1500-2200""],""Friday"":[""1500-2200""],""Saturday"":[""1500-2200""]}",4.5,https://dynamic-media-cdn.tripadvisor.com/media/photo-o/1c/97/54/a5/r65-memories-at-time.jpg?w=1200&h=-1&s=1,Marina Bay,Fun and Games,"1.28967817604306,103.863412595794"
Science Centre,https://www.tripadvisor.com.sg/Attraction_Review-g294265-d446423-Reviews-Science_Centre_Singapore-Singapore.html,210,771,9.18,"15 Science Centre Rd, Singapore 609081",ChIJY618FAQQ2jERzo1f5IAj4Bg,,"{""Sunday"":[""1000-1300"",""1400-1700""],""Monday"":[],""Tuesday"":[""1000-1300"",""1400-1700""],""Wednesday"":[""1000-1300"",""1400-1700""],""Thursday"":[""1000-1300"",""1400-1700""],""Friday"":[""1000-1300"",""1400-1700""],""Saturday"":[""1000-1300"",""1400-1700""]}",4,https://dynamic-media-cdn.tripadvisor.com/media/photo-o/1c/5a/ab/d9/where-science-comes-alive.jpg?w=1200&h=-1&s=1,Jurong,Fun and Games,"1.33267172292507,103.735695635709"
IFly,https://www.tripadvisor.com.sg/Attraction_Review-g294264-d2180413-Reviews-IFly_Singapore-Sentosa_Island.html,120,678,79,"43 Siloso Beach Walk, #01-01, iFly, Singapore 099010",ChIJ8_dPZv8b2jERmyvtLf0TkMo,,"{""Sunday"":[""0900-2200""],""Monday"":[""1200-2100""],""Tuesday"":[""1200-2100""],""Wednesday"":[""1200-2100""],""Thursday"":[""1200-2100""],""Friday"":[""1200-2100""],""Saturday"":[""0900-2200""]}",4.5,https://dynamic-media-cdn.tripadvisor.com/media/photo-o/04/00/2f/22/ifly-singapore.jpg?w=1200&h=-1&s=1,Sentosa,Fun and Games,"1.25206377583992,103.817560514971"
Skyline Luge Sentosa,https://www.tripadvisor.com.sg/Attraction_Review-g294264-d1626904-Reviews-Skyline_Luge_Sentosa-Sentosa_Island.html,120,3238,22,"1 Imbiah Rd, Singapore 099003",ChIJ5T1kIf8b2jERFrnXBHo87O0,,"{""Sunday"":[""1100-1930""],""Monday"":[""1100-1930""],""Tuesday"":[],""Wednesday"":[""1100-1930""],""Thursday"":[""1100-1930""],""Friday"":[""1100-2130""],""Saturday"":[""1100-2130""]}",4.5,https://dynamic-media-cdn.tripadvisor.com/media/photo-o/02/f4/bb/6b/sentosa-luge-skyride.jpg?w=1200&h=-1&s=1,Sentosa,Fun and Games,"1.25479414477238,103.817244966139"
Wild Wild Wet,https://www.tripadvisor.com.sg/Attraction_Review-g294265-d641343-Reviews-Wild_Wild_Wet-Singapore.html,180,432,33.34,"1 Pasir Ris Cl, Singapore 519599",ChIJY0ylJ7Q92jERKqmwsBuepck,,"{""Sunday"":[""1200-1800""],""Monday"":[""1200-1800""],""Tuesday"":[],""Wednesday"":[""1200-1800""],""Thursday"":[""1200-1800""],""Friday"":[""1200-1800""],""Saturday"":[""1200-1800""]}",4,https://dynamic-media-cdn.tripadvisor.com/media/photo-o/0f/46/dd/90/photo5jpg.jpg?w=1200&h=-1&s=1,Pasir Ris,Fun and Games,"1.3766980678365,103.95514122442"
SuperPark Singapore,https://www.tripadvisor.com.sg/Attraction_Review-g294265-d15648169-Reviews-SuperPark_Singapore-Singapore.html,210,37,24.9,"#02-477, Suntec City (North Wing, 3 Temasek Blvd, Tower 1, Singapore 038983",ChIJ20X__K4Z2jERRE8GRs-d8HE,,"{""Sunday"":[""0900-2100""],""Monday"":[""1030-2000""],""Tuesday"":[""1030-2000""],""Wednesday"":[""1030-2000""],""Thursday"":[""1030-2000""],""Friday"":[""1030-2000""],""Saturday"":[""0900-2100""]}",4.5,https://dynamic-media-cdn.tripadvisor.com/media/photo-o/1c/ce/67/f1/the-only-indoor-skate.jpg?w=1200&h=-1&s=1,Promenade,Fun and Games,"1.29571152468885,103.858552585838"
HydroDash,https://www.tripadvisor.com.sg/Attraction_Review-g294264-d19944077-Reviews-HydroDash-Sentosa_Island.html,120,18,36,"Palawan Beach, Singapore 098498",Eh1QYWxhd2FuIEJlYWNoIFdhbGssIFNpbmdhcG9yZSIuKiwKFAoSCSsz_WSqHtoxEUO88V0CbiyxEhQKEgl1k4uKIxHaMRHE9atSz2l4iA,,"{""Sunday"":[""1000-1900""],""Monday"":[""1200-1800""],""Tuesday"":[""1200-1800""],""Wednesday"":[""1200-1800""],""Thursday"":[""1200-1800""],""Friday"":[""1200-1800""],""Saturday"":[""1000-1900""]}",3.5,https://dynamic-media-cdn.tripadvisor.com/media/photo-o/1f/5a/bb/4b/hydrodash.jpg?w=1200&h=-1&s=1,Sentosa,Fun and Games,"1.25044044381633,103.820650406372"
Snow City Singapore,https://www.tripadvisor.com.sg/Attraction_Review-g294265-d1550566-Reviews-Snow_City_Singapore-Singapore.html,120,291,29,"21 Jurong Town Hall Rd, Singapore 609433",ChIJn21OvQQQ2jERi8jvTcbbVoE,,"{""Sunday"":[""1000-1800""],""Monday"":[],""Tuesday"":[""1000-1700""],""Wednesday"":[""1000-1700""],""Thursday"":[""1000-1700""],""Friday"":[""1000-1700""],""Saturday"":[""1000-1800""]}",2.5,https://dynamic-media-cdn.tripadvisor.com/media/photo-o/0e/c6/9c/a8/photo1jpg.jpg?w=1200&h=-1&s=1,Jurong,Fun and Games,"1.33452666068949,103.735450125751"
Haw Par Villa,https://www.tripadvisor.com.sg/Attraction_Review-g294265-d324758-Reviews-Haw_Par_Villa-Singapore.html,120,876,33,"262 Pasir Panjang Rd, Singapore 118628",ChIJkbx5oq4b2jERz-lWXIFjZa4,,"{""Sunday"":[],""Monday"":[],""Tuesday"":[],""Wednesday"":[],""Thursday"":[],""Friday"":[],""Saturday"":[]}",4,https://dynamic-media-cdn.tripadvisor.com/media/photo-o/13/2a/ac/5a/tiger-balm-gardens.jpg?w=1200&h=-1&s=1,Pasir Panjang,Fun and Games,"1.28372419675801,103.782403678661"
Skypark Sentosa by AJ Hackett,https://www.tripadvisor.com.sg/Attraction_Review-g294265-d12795233-Reviews-Skypark_Sentosa_by_AJ_Hackett-Singapore.html,120,214,15,"30 Siloso Beach Walk, Sentosa Island, Singapore 099011",ChIJC2JqDPkb2jER0upl0O564ok,,"{""Sunday"":[""1230-1900""],""Monday"":[""1330-1900""],""Tuesday"":[],""Wednesday"":[],""Thursday"":[""1330-1900""],""Friday"":[""1330-1900""],""Saturday"":[""1230-1900""]}",5,https://skyparkstorage.blob.core.windows.net/skypark-prod-blob-public/Activities/Sentosa/1680x1000px-footer__ScaleMaxWidthWzE5MjBd.jpg,Sentosa,Fun and Games,"1.25513778299473,103.813342874367"
Lion CIty Bike Tour Singapore,https://www.tripadvisor.com.sg/AttractionProductReview-g294265-d14017877-Lion_City_Bike_Tour_of_Singapore-Singapore.html,240,764,80,"3 River Valley Rd, Singapore 179024",EhwzIFJpdmVyIFZhbGxleSBSZCwgU2luZ2Fwb3JlIjASLgoUChIJ62zqNaAZ2jERsv4nEz5RHB4QAyoUChIJ9ffgcZwZ2jERJlJGzuVpGiE,,"{""Sunday"":[""0900-1300""],""Monday"":[""0900-1300""],""Tuesday"":[""0900-1300""],""Wednesday"":[""0900-1300""],""Thursday"":[""0900-1300""],""Friday"":[""0900-1300""],""Saturday"":[""0900-1300""]}",5,https://media-cdn.tripadvisor.com/media/attractions-splice-spp-720x480/09/4c/6e/72.jpg,Clark Quay,Fun and Games,"1.29053163505565,103.846455493827"
Universal Studios Singapore,https://www.tripadvisor.com.sg/Attraction_Review-g294264-d2439664-Reviews-Universal_Studios_Singapore-Sentosa_Island.html,210,20010,98.26,"8 Sentosa Gateway, Singapore 098269",ChIJIZfT4P0b2jERYylIilnEFcU,,"{""Sunday"":[""1000-1800""],""Monday"":[""1200-1900""],""Tuesday"":[""1200-1900""],""Wednesday"":[""1200-1900""],""Thursday"":[""1200-1900""],""Friday"":[""1200-1900""],""Saturday"":[""1200-1900""]}",4.5,https://dynamic-media-cdn.tripadvisor.com/media/photo-o/15/1a/9e/23/img-20181020-113259-largejpg.jpg?w=900&h=-1&s=1,Sentosa,Fun and Games,"1.25498909397858,103.82028484165"
Singapore Cable Car,https://www.tripadvisor.com.sg/Attraction_Review-g294265-d315470-Reviews-Singapore_Cable_Car-Singapore.html,120,4179,24.5,"109 Mount Faber Rd, Mount Faber Peak, Singapore 099203",ChIJVanJyN8b2jER-s5D_7DTzHE,,"{""Sunday"":[""0845-2200""],""Monday"":[""0845-2200""],""Tuesday"":[""0845-2200""],""Wednesday"":[""0845-2200""],""Thursday"":[""0845-2200""],""Friday"":[""0845-2200""],""Saturday"":[""0845-2200""]}",4.5,https://dynamic-media-cdn.tripadvisor.com/media/photo-o/03/a4/4d/d1/singapore-cable-car.jpg?w=1200&h=-1&s=1,Habourfront,Fun and Games,"1.27109117295922,103.81976836625"
East Coast Park,https://www.tripadvisor.com.sg/Attraction_Review-g294265-d317426-Reviews-East_Coast_Park-Singapore.html,180,1221,,906 EAST COAST PARKWAY EAST COAST PARK OFFICE SINGAPORE 449895,ChIJ3Q16VZgi2jERKFKokcEwhWg,,"{""Sunday"":[""0000-2359""],""Monday"":[""0000-2359""],""Tuesday"":[""0000-2359""],""Wednesday"":[""0000-2359""],""Thursday"":[""0000-2359""],""Friday"":[""0000-2359""],""Saturday"":[""0000-2359""]}",4.5,https://dynamic-media-cdn.tripadvisor.com/media/photo-o/19/0f/b9/07/west-coast-park.jpg?w=1200&h=-1&s=1,East Coast,Fun and Games,"1.29773431957503,103.901376105637"
Marina Barrage,https://www.tripadvisor.com.sg/Attraction_Review-g294265-d1823698-Reviews-Marina_Barrage-Singapore.html,120,681,,"8 Marina Gardens Dr, Singapore 018951",ChIJFesPI_0Y2jERZ-5vtBvs5PE,,"{""Sunday"":[""0000-2359""],""Monday"":[""0000-2359""],""Tuesday"":[""0000-2359""],""Wednesday"":[""0000-2359""],""Thursday"":[""0000-2359""],""Friday"":[""0000-2359""],""Saturday"":[""0000-2359""]}",4,https://dynamic-media-cdn.tripadvisor.com/media/photo-o/19/be/fc/f4/20191019-210138-largejpg.jpg?w=1000&h=-1&s=1,Marina ,Fun and Games,"1.27990573489749,103.870469615929"
Madame Tussauds Singapore,https://www.tripadvisor.com.sg/Attraction_Review-g294264-d7178019-Reviews-Madame_Tussauds_Singapore-Sentosa_Island.html,120,2104,,"40 Imbiah Road Sentosa - Images of Singapore Imbiah Lookout, Sentosa Island Singapore 099700",ChIJJRwOIf8b2jERSjFyn_oNn3M,,"{""Sunday"":[""1000-1800""],""Monday"":[""1000-1800""],""Tuesday"":[],""Wednesday"":[],""Thursday"":[""1000-1800""],""Friday"":[""1000-1800""],""Saturday"":[""1000-1800""]}",4,https://dynamic-media-cdn.tripadvisor.com/media/photo-o/1a/16/cb/1b/1-ticket-5-experiences.jpg?w=1200&h=-1&s=1,Sentosa,Fun and Games,"1.25418795387336,103.817699510123"
Sifr Aromatics,https://www.tripadvisor.com.sg/Attraction_Review-g294265-d6914667-Reviews-Sifr_Aromatics-Singapore.html,120,22,,"42 Arab St, Singapore 199741",ChIJd7xGB7EZ2jERx99xNgH2DMw,,"{""Sunday"":[""1100-2000""],""Monday"":[],""Tuesday"":[],""Wednesday"":[""1100-2000""],""Thursday"":[""1100-2000""],""Friday"":[""1100-2000""],""Saturday"":[""1100-2000""]}",5,https://dynamic-media-cdn.tripadvisor.com/media/photo-o/06/cd/e1/a6/making-perfume.jpg?w=1200&h=-1&s=1,Bugis,Fun and Games,"1.30077188446459,103.859731725502"
Bugis Street,https://www.tripadvisor.com.sg/Attraction_Review-g294265-d2301715-Reviews-Bugis_Street-Singapore.html,120,1927,,"3 New Bugis Street, Singapore 188867",ChIJx64m9boZ2jER42ymQl9igrg,,"{""Sunday"":[""1000-2200""],""Monday"":[""1000-2200""],""Tuesday"":[""1000-2200""],""Wednesday"":[""1000-2200""],""Thursday"":[""1000-2200""],""Friday"":[""1000-2200""],""Saturday"":[""1000-2200""]}",4,https://dynamic-media-cdn.tripadvisor.com/media/photo-o/02/60/24/9b/more-crowded-on-weekends.jpg?w=600&h=-1&s=1,Bugis,Fun and Games,"1.30053391168851,103.854830942256"
Xcape Singapore,https://www.tripadvisor.com.sg/Attraction_Review-g294265-d4945485-Reviews-Xcape_Singapore-Singapore.html,120,1500,,"160A Rochor Road Bugis Village, Singapore 188435",ChIJ6fAxYroZ2jERr96IeQwdiyU,,"{""Sunday"":[""1100-2330""],""Monday"":[""1100-2330""],""Tuesday"":[""1100-2330""],""Wednesday"":[""1100-2330""],""Thursday"":[""1100-2330""],""Friday"":[""1100-2330""],""Saturday"":[""1100-2330""]}",5,https://dynamic-media-cdn.tripadvisor.com/media/photo-o/19/ba/f6/eb/morgue.jpg?w=1200&h=-1&s=1,Bugis,Fun and Games,"1.30090252607461,103.855262679246"
Lockdown Escape,https://www.tripadvisor.com.sg/Attraction_Review-g294265-d4468620-Reviews-Lockdown_Escape-Singapore.html,60,622,,"277 Orchard Road Orchard Gateway #02-02, Orchard Gateway, Singapore 238858",ChIJ2Tum0pAZ2jERRvb6holhQxw,,"{""Sunday"":[""1330-2200""],""Monday"":[""1330-2200""],""Tuesday"":[""1330-2200""],""Wednesday"":[""1330-2200""],""Thursday"":[""1330-2200""],""Friday"":[""1330-2200""],""Saturday"":[""1330-2200""]}",5,https://dynamic-media-cdn.tripadvisor.com/media/photo-o/16/a9/95/70/bearry-potter.jpg?w=1200&h=-1&s=1,Orchard,Fun and Games,"1.30048912114759,103.839325098352"
Henderson Waves,https://www.tripadvisor.com.sg/Attraction_Review-g294265-d3561693-Reviews-Henderson_Waves-Singapore.html,150,629,,"221 Henderson Road Henderson Building, Singapore 159557",ChIJpykj5tcb2jEReqLJ1pgk-Qg,,"{""Sunday"":[""0000-2359""],""Monday"":[""0000-2359""],""Tuesday"":[""0000-2359""],""Wednesday"":[""0000-2359""],""Thursday"":[""0000-2359""],""Friday"":[""0000-2359""],""Saturday"":[""0000-2359""]}",4.5,https://dynamic-media-cdn.tripadvisor.com/media/photo-o/12/ce/ec/4f/20180428-074507-largejpg.jpg?w=1200&h=-1&s=1,Telok Blangah Drive,Sights and landmarks ,"1.28003654740978,103.820400863504"
Arab Street,https://www.tripadvisor.com.sg/Attraction_Review-g294265-d324757-Reviews-Arab_Street-Singapore.html,150,2300,,"Arab Street, 49, Singapore, Arab, Kampong Glam, Beach Road, Central, Singapore 199746",ChIJ318zALEZ2jER3eytFRptHxE,,"{""Sunday"":[""1100-2100""],""Monday"":[""1100-2100""],""Tuesday"":[""1100-2100""],""Wednesday"":[""1100-2100""],""Thursday"":[""1100-2100""],""Friday"":[""1100-2100""],""Saturday"":[""1100-2100""]}",4,https://dynamic-media-cdn.tripadvisor.com/media/photo-o/09/fc/d3/54/photo1jpg.jpg?w=1200&h=-1&s=1,Central Area/City Area,Sights and landmarks ,"1.3007420696606,103.859373186511"
Chijmes,https://www.tripadvisor.com.sg/Attraction_Review-g294265-d338376-Reviews-Chijmes-Singapore.html,60,760,,"30 Victoria Street Chijmes, Singapore 187996",ChIJNfw8b6QZ2jEREbGYft7-Q4A,,"{""Sunday"":[""0000-2359""],""Monday"":[""0000-2359""],""Tuesday"":[""0000-2359""],""Wednesday"":[""0000-2359""],""Thursday"":[""0000-2359""],""Friday"":[""0000-2359""],""Saturday"":[""0000-2359""]}",4,https://dynamic-media-cdn.tripadvisor.com/media/photo-o/0c/d6/37/e3/caption.jpg?w=1200&h=-1&s=1,City Hall,Sights and landmarks ,"1.29479670956332,103.852573366033"
National Gallery Singapore,https://www.tripadvisor.com.sg/Attraction_Review-g294265-d8077179-Reviews-National_Gallery_Singapore-Singapore.html,150,1284,,"1 St. Andrew's Road #01-01 National Gallery Singapore, Singapore 178957",ChIJFQzeR6cZ2jERgM6--iWeY-U,,"{""Sunday"":[""1000-1900""],""Monday"":[""1000-1900""],""Tuesday"":[""1000-1900""],""Wednesday"":[""1000-1900""],""Thursday"":[""1000-1900""],""Friday"":[""1000-1900""],""Saturday"":[""1000-1900""]}",4.5,https://dynamic-media-cdn.tripadvisor.com/media/photo-o/12/0e/02/f2/the-national-gallery.jpg?w=1200&h=-1&s=1,City Hall,Sights and landmarks ,"1.29065533840368,103.851708013559"
OCBC Skyway,https://www.tripadvisor.com.sg/Attraction_Review-g294265-d10229455-Reviews-OCBC_Skyway-Singapore.html,30,572,20,"18 Marina Gardens Drive Gardens By the Bay Gardens by the Bay, Singapore 018953",ChIJMxZ-kwQZ2jERdsqftXeWCWI,,"{""Sunday"":[],""Monday"":[],""Tuesday"":[],""Wednesday"":[],""Thursday"":[],""Friday"":[],""Saturday"":[]}",4.5,https://dynamic-media-cdn.tripadvisor.com/media/photo-o/17/6d/a4/35/singapore-super-tree.jpg?w=1200&h=-1&s=1,Central Area/City Area,Sights and landmarks ,"1.28175820937716,103.861585715892"
Haji Lane,https://www.tripadvisor.com.sg/Attraction_Review-g294265-d3512383-Reviews-Haji_Lane-Singapore.html,60,1043,,"21A Haji Lane, Singapore 189214",ChIJ2yaqVbAZ2jER3R9Msdg-Sw0,,"{""Sunday"":[""0000-2359""],""Monday"":[""0000-2359""],""Tuesday"":[""0000-2359""],""Wednesday"":[""0000-2359""],""Thursday"":[""0000-2359""],""Friday"":[""0000-2359""],""Saturday"":[""0000-2359""]}",4,https://dynamic-media-cdn.tripadvisor.com/media/photo-o/17/7a/e3/d6/beautiful-paintings-haji.jpg?w=900&h=-1&s=1,Central Area/City Area,Sights and landmarks ,"1.30058566688213,103.859132508631"
Orchard Road,https://www.tripadvisor.com.sg/Attraction_Review-g294265-d317454-Reviews-Orchard_Road-Singapore.html,210,13502,,"Orchard Road, 33A, Singapore, Orchard, Orchard Road, Singapore 238897",EhVPcmNoYXJkIFJkLCBTaW5nYXBvcmUiLiosChQKEgm7_uZIkRnaMRH69P43P_eZjhIUChIJEfX89I0Z2jERAKXarqz3AAU,,"{""Sunday"":[""0000-2359""],""Monday"":[""0000-2359""],""Tuesday"":[""0000-2359""],""Wednesday"":[""0000-2359""],""Thursday"":[""0000-2359""],""Friday"":[""0000-2359""],""Saturday"":[""0000-2359""]}",4,https://dynamic-media-cdn.tripadvisor.com/media/photo-o/08/b7/cd/fd/retail-and-entertainment.jpg?w=1200&h=-1&s=1,Somerset,Sights and landmarks ,"1.30206450556085,103.836340953748"
Merlion Park,https://www.tripadvisor.com.sg/Attraction_Review-g294265-d644919-Reviews-Merlion_Park-Singapore.html,90,9549,,"1 Fullerton Road One Fullerton Merlion Park, Singapore 049213",ChIJu1_G5ggZ2jERTrdta7SO3A8,,"{""Sunday"":[""0000-2359""],""Monday"":[""0000-2359""],""Tuesday"":[""0000-2359""],""Wednesday"":[""0000-2359""],""Thursday"":[""0000-2359""],""Friday"":[""0000-2359""],""Saturday"":[""0000-2359""]}",4,https://dynamic-media-cdn.tripadvisor.com/media/photo-o/0e/4d/a7/97/photo2jpg.jpg?w=1100&h=-1&s=1,Marina Bay,Sights and landmarks ,"1.28618859279801,103.854157139967"
Buddha Tooth Relic Temple and Museum,https://www.tripadvisor.com.sg/Attraction_Review-g294265-d1438273-Reviews-Buddha_Tooth_Relic_Temple_and_Museum-Singapore.html,30,6427,,"288 South Bridge Road, Singapore 058840",ChIJ2V2e0XIZ2jERfm87i7eZnKk,,"{""Sunday"":[""0700-1900""],""Monday"":[""0700-1900""],""Tuesday"":[""0700-1900""],""Wednesday"":[""0700-1900""],""Thursday"":[""0700-1900""],""Friday"":[""0700-1900""],""Saturday"":[""0700-1900""]}",4.5,https://dynamic-media-cdn.tripadvisor.com/media/photo-o/1a/e7/d1/3c/rooftop-garden-that-is.jpg?w=1200&h=-1&s=1,Outram,Sights and landmarks ,"1.28149438480275,103.844241653043"
Chinatown,https://www.tripadvisor.com.sg/Attraction_Review-g294265-d317415-Reviews-Chinatown-Singapore.html,90,14407,,"Crot Trengganu, Singapore 048942",EhdUcmVuZ2dhbnUgU3QsIFNpbmdhcG9yZSIuKiwKFAoSCfH0qDpzGdoxEZ--gCAuGZyREhQKEgl1k4uKIxHaMRHE9atSz2l4iA,,"{""Sunday"":[""0800-0000""],""Monday"":[""0800-0000""],""Tuesday"":[""0800-0000""],""Wednesday"":[""0800-0000""],""Thursday"":[""0800-0000""],""Friday"":[""0800-0000""],""Saturday"":[""0800-0000""]}",4,https://dynamic-media-cdn.tripadvisor.com/media/photo-o/1b/73/65/d0/photo9jpg.jpg?w=1200&h=-1&s=1,Outram,Sights and landmarks ,"1.28429423831109,103.850618904219"
Supertree Grove,https://www.tripadvisor.com.sg/Attraction_Review-g294265-d8634325-Reviews-Supertree_Grove-Singapore.html,90,5978,,"18 Marina Gardens Drive Gardens By the Bay Gardens by the Bay, Singapore 018953",ChIJMxZ-kwQZ2jERdsqftXeWCWI,,"{""Sunday"":[""0000-2359""],""Monday"":[""0000-2359""],""Tuesday"":[""0000-2359""],""Wednesday"":[""0000-2359""],""Thursday"":[""0000-2359""],""Friday"":[""0000-2359""],""Saturday"":[""0000-2359""]}",4.5,https://dynamic-media-cdn.tripadvisor.com/media/photo-o/0a/53/bd/1a/ocbc-skyway.jpg?w=1200&h=-1&s=1,Central Area/City Area,Sights and landmarks ,"1.28175820937716,103.861585715892"
Sands Skypark Observation Deck,https://www.tripadvisor.com.sg/Attraction_Review-g294265-d1837767-Reviews-Sands_Skypark_Observation_Deck-Singapore.html,90,16866,23.47,"10 Bayfront Avenue Level 57, Marina Bay Sands Hotel, Singapore 018956",ChIJMxZ-kwQZ2jERdsqftXeWCWI,,"{""Sunday"":[""0930-2200""],""Monday"":[""0930-2200""],""Tuesday"":[""0930-2200""],""Wednesday"":[""0930-2200""],""Thursday"":[""0930-2200""],""Friday"":[""0930-2200""],""Saturday"":[""0930-2200""]}",4.5,https://dynamic-media-cdn.tripadvisor.com/media/photo-o/1a/b0/6f/a0/the-sands-skypark-observation.jpg?w=1200&h=-1&s=1,Marina Bay,Sights and landmarks ,"1.28257452719679,103.858562162091"
Esplanade - Theatres on the Bay,https://www.tripadvisor.com.sg/Attraction_Review-g294265-d324752-Reviews-Esplanade_Theatres_on_the_Bay-Singapore.html,150,1085,,"1 Esplanade Drive Esplanade - Theatres On the Bay, Singapore 038981",ChIJSeUa7KcZ2jERNVg2CvmlVbk,,"{""Sunday"":[""0930-2200""],""Monday"":[""0930-2200""],""Tuesday"":[""0930-2200""],""Wednesday"":[""0930-2200""],""Thursday"":[""0930-2200""],""Friday"":[""0930-2200""],""Saturday"":[""0930-2200""]}",4.5,https://dynamic-media-cdn.tripadvisor.com/media/photo-o/09/2a/9b/0c/esplanade-theatres-on.jpg?w=1200&h=-1&s=1,Marina Centre,Sights and landmarks ,"1.29020501088469,103.855566745359"
Sultan Mosque,https://www.tripadvisor.com.sg/Attraction_Review-g294265-d317468-Reviews-Sultan_Mosque-Singapore.html,45,1046,,"3 Muscat Street Masjid Sultan, Singapore 198833",ChIJb6xq2bAZ2jERE1P6sVKtofw,,"{""Sunday"":[""0930-2200""],""Monday"":[""0930-2200""],""Tuesday"":[""0930-2200""],""Wednesday"":[""0930-2200""],""Thursday"":[""0930-2200""],""Friday"":[""0930-2200""],""Saturday"":[""0930-2200""]}",4,https://dynamic-media-cdn.tripadvisor.com/media/photo-o/11/d7/9b/12/caption.jpg?w=1200&h=-1&s=1,Rochor,Sights and landmarks ,"1.30223751221197,103.859004270375"
East Coast Park,https://www.tripadvisor.com.sg/Attraction_Review-g294265-d317426-Reviews-East_Coast_Park-Singapore.html,150,1221,,"Along East Coast Parkway and East Coast Park Service Road, Singapore 455486",Eg5FQ1AsIFNpbmdhcG9yZSIuKiwKFAoSCSkTPJ-3ItoxESClJHAkiUCiEhQKEgnJjiu0ZxfaMREgpNqurPcABA,,"{""Sunday"":[""0000-2359""],""Monday"":[""0000-2359""],""Tuesday"":[""0000-2359""],""Wednesday"":[""0000-2359""],""Thursday"":[""0000-2359""],""Friday"":[""0000-2359""],""Saturday"":[""0000-2359""]}",4.5,https://dynamic-media-cdn.tripadvisor.com/media/photo-o/19/0f/b9/07/west-coast-park.jpg?w=1200&h=-1&s=1,Marine Parade,Nature and parks,"1.31484252129223,103.924176555656"
Flower Dome,https://www.tripadvisor.com.sg/Attraction_Review-g294265-d4400784-Reviews-Flower_Dome-Singapore.html,150,6492,20,"18 Marina Gardens Drive Gardens By the Bay, Singapore 018953",ChIJMxZ-kwQZ2jERdsqftXeWCWI,,"{""Sunday"":[""0900-2100""],""Monday"":[""0900-2100""],""Tuesday"":[""0900-2100""],""Wednesday"":[""0900-2100""],""Thursday"":[""0900-2100""],""Friday"":[""0900-2100""],""Saturday"":[""0900-2100""]}",4.5,https://dynamic-media-cdn.tripadvisor.com/media/photo-o/0b/8d/b7/e9/photo1jpg.jpg?w=1200&h=-1&s=1,Central Area/City Area,Nature and parks,"1.28175820937716,103.861585715892"
National Orchid Garden,https://www.tripadvisor.com.sg/Attraction_Review-g294265-d317453-Reviews-National_Orchid_Garden-Singapore.html,120,13829,10,"1 Cluny Rd Within the Singapore Botanic Gardens, Singapore 259569",ChIJvWDbfRwa2jERgNnTOpAU3-o,,"{""Sunday"":[""0800-1900""],""Monday"":[""0800-1900""],""Tuesday"":[""0800-1900""],""Wednesday"":[""0800-1900""],""Thursday"":[""0800-1900""],""Friday"":[""0800-1900""],""Saturday"":[""0800-1900""]}",4.5,https://dynamic-media-cdn.tripadvisor.com/media/photo-o/19/2c/fd/73/img-20190908-153849-largejpg.jpg?w=1200&h=-1&s=1,Tanglin,Nature and parks,"1.32215664251126,103.818185872471"
Gardens by the Bay,https://www.tripadvisor.com.sg/Attraction_Review-g294265-d2149128-Reviews-Gardens_by_the_Bay-Singapore.html,210,59539,12.83,"18 Marina Gardens Drive Bayfront Plaza, Singapore 018953",ChIJOZIyUgIZ2jERg2nywUY-psA,,"{""Sunday"":[""0500-0200""],""Monday"":[""0500-0200""],""Tuesday"":[""0500-0200""],""Wednesday"":[""0500-0200""],""Thursday"":[""0500-0200""],""Friday"":[""0500-0200""],""Saturday"":[""0500-0200""]}",4.5,https://dynamic-media-cdn.tripadvisor.com/media/photo-o/05/d9/0e/f0/gardens-by-the-bay.jpg?w=1200&h=-1&s=1,Central Area/City Area,Nature and parks,"1.28175820937716,103.861585715892"
Singapore Botanic Gardens,https://www.tripadvisor.com.sg/Attraction_Review-g294265-d310900-Reviews-Singapore_Botanic_Gardens-Singapore.html,120,19830,,"1 Cluny Road, Singapore 259569",ChIJJT_o1SEa2jERz9N6Xzhqxjg,,"{""Sunday"":[""0500-0000""],""Monday"":[""0500-0000""],""Tuesday"":[""0500-0000""],""Wednesday"":[""0500-0000""],""Thursday"":[""0500-0000""],""Friday"":[""0500-0000""],""Saturday"":[""0500-0000""]}",4.5,https://dynamic-media-cdn.tripadvisor.com/media/photo-o/11/7f/e5/ce/beautiful-botanic-gardens.jpg?w=700&h=-1&s=1,Tanglin,Nature and parks,"1.32215664251126,103.818185872471"
SIngapore zoo,https://www.mandai.com//en/ticketing/admission-and-rides/tickets-selection.html?intcmp=chatbot,210,22374,48,"80 Mandai Lake Road, Singapore 729826",ChIJGwrf-t4T2jER5FkzEsdPzvk,,"{""Sunday"":[""0830-1800""],""Monday"":[""0830-1800""],""Tuesday"":[""0830-1800""],""Wednesday"":[""0830-1800""],""Thursday"":[""0830-1800""],""Friday"":[""0830-1800""],""Saturday"":[""0830-1800""]}",4.5,https://dynamic-media-cdn.tripadvisor.com/media/photo-o/1f/d8/92/9b/rhino-feeding.jpg?w=1200&h=-1&s=1,Central Water Catchment,Nature and parks,"1.4052369741867,103.788323242853"
Cloud Forest,https://www.tripadvisor.com.sg/Attraction_Review-g294265-d4400781-Reviews-Cloud_Forest-Singapore.html,180,14931,20,"18 Marina Gardens Drive, Singapore 018953",ChIJrbvw6xwZ2jER-grVBLHoTq4,,"{""Sunday"":[""0900-2100""],""Monday"":[""0900-2100""],""Tuesday"":[""0900-2100""],""Wednesday"":[""0900-2100""],""Thursday"":[""0900-2100""],""Friday"":[""0900-2100""],""Saturday"":[""0900-2100""]}",4.5,https://dynamic-media-cdn.tripadvisor.com/media/photo-o/07/ef/a4/41/cloud-forest.jpg?w=1200&h=-1&s=1,Central Area/City Area,Nature and parks,"1.28175820937716,103.861585715892"
Jurong Bird Park,https://www.tripadvisor.com.sg/Attraction_Review-g294265-d315466-Reviews-Jurong_Bird_Park-Singapore.html,180,5217,46.29,"2 Jurong Hill, Singapore 628925",ChIJYZaDTF0F2jERgk8qXEhJKS8,,"{""Sunday"":[""0830-1800""],""Monday"":[],""Tuesday"":[],""Wednesday"":[],""Thursday"":[""0830-1800""],""Friday"":[""0830-1800""],""Saturday"":[""0830-1800""]}",4.5,https://dynamic-media-cdn.tripadvisor.com/media/photo-o/0a/0b/76/4c/mal-singapore11-059-largejpg.jpg?w=1200&h=-1&s=1,Boon Lay,Nature and parks,"1.31864051357836,103.70768876172"
MacRitchie Nature Trail,https://www.tripadvisor.com.sg/Attraction_Review-g294265-d386880-Reviews-MacRitchie_Nature_Trail-Singapore.html,180,13009,,"MacRitchie Reservoir Park, Singapore 298717",ChIJNWLk-kUX2jERusbgcKz3ABM,,"{""Sunday"":[],""Monday"":[],""Tuesday"":[],""Wednesday"":[],""Thursday"":[],""Friday"":[],""Saturday"":[]}",4.5,https://dynamic-media-cdn.tripadvisor.com/media/photo-o/02/48/f9/c4/tree-top-walk-suspension.jpg?w=1200&h=-1&s=1,Central Water Catchment,Nature and parks,"1.33997472180222,103.832977366621"
River Wonder Safari,https://www.tripadvisor.com.sg/AttractionProductReview-g294265-d16913175-River_Wonder_Safari-Singapore.html,180,3032,,"80 Mandai Lake Road Singapore Zoological Gardens Singapore Zoological Gardens, Singapore 729826",ChIJGwrf-t4T2jER5FkzEsdPzvk,,"{""Sunday"":[""1000-1900""],""Monday"":[""1000-1900""],""Tuesday"":[""1000-1900""],""Wednesday"":[""1000-1900""],""Thursday"":[""1000-1900""],""Friday"":[""1000-1900""],""Saturday"":[""1000-1900""]}",4,https://dynamic-media-cdn.tripadvisor.com/media/photo-o/1f/d8/e5/d0/be-amazed-by-the-world.jpg?w=1200&h=-1&s=1,Central Water Catchment,Nature and parks,"1.4052369741867,103.788323242853"
Sungei Buloh Wetland Reserve,https://www.tripadvisor.com.sg/Attraction_Review-g294265-d315468-Reviews-Sungei_Buloh_Wetland_Reserve-Singapore.html,180,542,,"301 Neo Tiew Crescent Sungei Buloh Wetland Reserve, Singapore 718925 ",ChIJ0VGicIIS2jERhiy5utCWawI,,"{""Sunday"":[""0730-1900""],""Monday"":[""0730-1900""],""Tuesday"":[""0730-1900""],""Wednesday"":[""0730-1900""],""Thursday"":[""0730-1900""],""Friday"":[""0730-1900""],""Saturday"":[""0730-1900""]}",4.5,https://dynamic-media-cdn.tripadvisor.com/media/photo-o/17/79/27/9e/photo2jpg.jpg?w=1200&h=-1&s=1,Lim Chu Kang,Nature and parks,"1.30118567799413,103.858653426219"
